age,income,education_years,salary
56,77447.55593094493,9,162421.5340247348
69,36444.278140132315,17,185394.00714115723
46,73070.63744015737,19,191602.1291917834
32,42499.78743260372,15,135365.99260153397
60,36117.08092985012,12,142924.03971188483
25,52197.20146086498,19,162472.4766425105
78,56849.13836015029,18,222141.88568554568
38,88230.59213018857,14,189740.97443511404
56,56390.75157737429,9,149302.8567691032
75,53865.56123698772,15,195596.67136431244
36,81922.85887803268,18,182532.99843166248
40,62021.07888423073,13,151903.49410871448
28,37114.49639664104,15,128752.67835777164
28,77119.40770616384,8,126591.2881736755
41,35207.62461141295,8,108325.38059620642
70,37015.05443332581,19,192251.590658175
53,33029.58601224173,14,139527.16975791444
57,31275.099434440875,15,160759.63082814036
41,56663.46589679649,10,130967.05758873816
20,44841.95670912913,12,117069.79968785905
39,-19563.384272731128,19,128719.70593056496
70,44634.73876100974,8,141110.8680508757
19,39641.75488388732,14,108061.96629337821
41,67856.5072859771,12,153855.18471938113
61,38734.82777079274,15,172492.66039162705
47,100785.15582421786,15,212419.86193047726
55,77935.87157540486,16,191200.9492880618
19,42201.79217980444,14,125244.92986002615
77,72992.46157666165,18,223067.41697742906
38,60504.234253818955,8,125873.64563153448
50,54669.315929604854,10,156957.16947876906
29,66053.0451121486,15,149327.5844477431
75,51081.41748520973,10,167133.83229564066
39,54807.02312154955,15,160184.08435606683
78,66467.0503255793,8,176602.57188516017
61,91049.0548349098,12,194329.15963528233
42,55023.89944439348,11,142559.37225303528
66,40924.06670055688,12,156781.01052333653
44,9415.382898120231,15,127877.94102472172
76,89226.06943927275,17,230664.89417393116
59,44735.1657485608,11,152895.9920481289
45,60696.18580162534,18,181708.8969610821
77,88118.14473853988,11,204380.01776034283
33,54552.04641860983,10,126495.32306646297
32,46106.594762450404,14,144515.52706382115
79,78393.45955087489,10,191457.7990227575
79,59214.74135127838,19,212506.6307399883
64,61722.11209446801,10,169687.29717914437
79,19536.782590564784,18,180100.76456813872
68,74118.3041448517,17,209025.81162263727
61,57511.76135983291,12,164031.10261764887
72,22568.21240553752,12,156926.7603902841
69,59701.8822322655,13,171083.13471591892
74,8749.486521765008,15,171688.33188571196
20,96839.50405025991,17,187751.8872855382
54,27962.904000364786,13,142486.51777093764
68,82235.85531436872,19,228514.21424841357
24,33740.889037626934,8,92420.48160438983
38,61204.51421941439,15,164569.2235174282
26,31757.434867810025,15,129632.02582399831
56,69942.3044379564,16,194731.86588038236
35,45293.62516185496,16,151682.8035357602
21,59355.590924154196,9,112497.78063778674
42,50301.28763157989,9,126484.66368699637
77,22686.704270326885,10,144174.8220144981
31,60082.13719381069,8,124734.56023938389
67,39935.25028668504,11,156915.98384075233
75,70906.25586015222,11,172023.06151480039
26,45282.80383698646,16,145505.74695223797
43,48464.72181943336,16,162745.45842914056
70,83658.52928745873,16,216833.2796477375
19,97632.735890159,17,180163.5964466828
37,65720.67911424165,14,165197.10689132338
45,44257.198051532294,9,130143.39075184012
64,42506.77343287712,17,179141.03040718366
77,33626.4602936284,12,165936.4296705254
24,37495.23632892887,11,104137.90539043667
61,44527.80512992063,19,184724.15327999185
78,89285.059339898,18,236294.46134896856
25,46055.566582929525,15,141156.42062825742
64,25478.939916037947,9,134148.7771597108
52,50833.30534250766,13,160232.0713744926
31,53562.56851522129,12,137475.533746417
34,50712.70919700912,19,172151.0587931821
53,65993.82445170415,9,147587.65158524853
67,51380.11022718067,18,200263.70090511424
57,65374.54984294658,17,198301.68750049567
21,34393.1329188457,8,92285.96298414443
19,85614.58876290446,15,168436.2378676968
79,55049.5957668717,9,171581.1958495027
23,58004.379408140754,14,141160.7445642205
71,34309.76212373395,16,183798.5608905693
59,59436.53982532792,16,186416.62556401704
21,63021.30113340608,15,142007.66765058629
71,26604.6313234982,18,181468.37023907973
46,16818.16823224687,19,150730.02136176525
35,55873.32047218931,17,161322.76500287952
43,40224.60353088935,16,154457.0894711339
61,55198.42938271459,9,146196.64390117186
51,24179.2785820377,13,133803.61521743494
27,18789.881712346585,11,87563.83203510834
79,54133.78926002154,11,178373.49994488194
53,43004.32478086295,12,147409.48720150147
31,7786.009576996432,19,128143.3645062562
48,76861.97636215459,10,162785.80943188572
65,23846.858636324854,8,128765.33759719267
32,101466.49904220864,15,180135.39991192205
25,37519.66542222843,12,111202.10844495166
31,58031.21136251997,10,123579.25734107949
40,82938.9802077437,17,186651.66866065067
77,79588.6785565765,14,214818.31705491993
74,89722.72812453765,14,214809.05180576612
79,19538.475222392935,8,133308.2059713613
57,27282.690049855057,19,163806.8402178503
38,54519.9454818806,16,164793.04653655062
33,66794.94875795428,9,125239.66703209604
62,49775.45113240724,12,162120.02405725745
35,17240.119285732224,12,110178.98011837673
64,59931.56317929598,15,193748.54352263006
70,46114.97223531931,15,175347.87579265988
41,45875.22082088267,14,132602.61587760202
43,4440.991643788853,14,117472.04103879957
42,65949.68408956629,19,198762.3031792073
77,52904.08120570916,18,215517.9967292645
77,85903.29113277927,13,211770.92998259654
77,48509.84706937655,13,178349.696727341
62,61326.802610380444,18,205097.0550714909
58,66636.36352210525,16,186441.35981916185
46,15076.768826776177,13,125443.20390820203
32,102333.99893203186,19,211394.54994145862
62,41384.152241547665,9,145408.37133073254
18,59891.332042849695,9,124711.36582883514
42,62811.64013898303,12,154211.39194708026
24,33704.31744019405,11,103418.63582361775
26,86939.60662895205,18,185423.8137422017
41,55319.105387088646,9,121409.90478522531
18,45730.547261853324,10,101110.87215403737
61,52770.15924776885,14,171169.71520764957
25,65285.043972180465,15,149607.59318807142
41,50215.963296194,19,176934.54499712383
28,67638.59820766479,13,142998.77890422085
68,16302.557220645213,18,176647.19911313851
34,35040.600203470196,12,122033.51548736714
25,7223.993703813692,8,70732.69335735787
52,89940.16313685892,15,197312.65692692253
52,89679.84255369869,10,174519.82746225386
50,62532.321350659695,13,169151.34840386594
76,29747.63858173937,10,145462.459786837
22,97797.56544436648,14,166947.4699101169
59,37911.71043736576,14,157810.7382060093
56,45735.85746189672,19,180859.33135215132
75,53190.66811461445,16,193456.24519308406
58,59030.31884037939,12,162843.15070458024
45,62876.052034086366,15,174672.78753083275
24,63679.23274948902,17,161256.19284460085
26,47109.51829292191,17,149655.56419117528
25,63362.019035134246,15,154944.10503894725
29,46215.846810086456,8,105285.81850607219
51,61586.06873744441,19,197221.17923959997
50,59945.8355566155,12,157440.5596806299
65,65256.94581596242,10,168532.36839976808
72,62759.33398041931,8,159293.67389627756
40,41151.352501774054,11,115726.99621003709
79,59174.203431180256,15,200667.9669340127
41,63067.994758297726,10,148568.13648713788
54,24177.51222102588,17,162973.08678802868
52,44519.11285537941,9,137442.2777072594
61,62162.27782436667,18,206910.47586852443
57,84185.84989459244,16,204791.96787048117
39,66498.00372257468,17,178184.98151508774
44,85447.55973955191,12,169269.7883144698
52,42032.53219646103,14,154045.66147703357
18,55003.80984495286,18,155081.903624818
52,66114.70599052237,18,200911.18697826198
54,3472.9657300044637,9,101081.14120559859
64,80216.06436229052,16,205921.90516557536
31,12781.802382907073,16,121228.08170060866
20,69938.80136556807,11,133957.07483710002
18,63736.635810852924,11,116770.03456801464
22,3208.139949702272,13,78085.60719407562
43,4218.7748613400545,17,128622.33564161413
72,78649.63834905012,17,213816.1485496693
31,74294.44119373096,17,172894.85196674822
56,32382.727110234784,13,146167.28009410045
44,32362.422099118714,19,162623.6956341799
26,60252.099447524415,8,121464.01723037325
32,49745.11699023264,16,153429.8174151977
32,71087.90431698228,9,135372.69525163996
43,59591.618488661734,12,153784.3305111464
59,81660.6158791307,16,198634.32711440072
77,69401.55555827453,11,192716.80338372095
30,64415.46098281155,18,171153.54735357195
68,42957.50559392652,10,155718.4075613473
49,41493.575316763105,14,146835.5740882097
56,48964.82030589398,13,152403.06241463486
66,86818.86139874416,15,214544.5374091205
69,41874.505412204315,10,154381.65196025104
78,55210.579741480324,12,177658.2060213967
49,5103.941845853813,17,133734.83807030958
21,63516.17460088161,11,132440.11360277914
47,95143.9656218628,11,172168.1130331536
54,31327.237814741504,11,142275.15501807304
40,113488.84274253517,17,211287.9705207888
56,53644.81209313307,15,177107.80930254838
62,-1458.6248276868864,13,124190.00775910556
32,42289.23520064178,10,118847.32531592513
60,76608.77126538166,17,203566.44700173437
46,89986.34412499607,12,177175.11076963542
53,64361.97096503367,13,169694.17264900554
30,81351.88841757935,12,150070.57345515612
49,26444.289170152933,13,138859.55306322296
24,36394.76825612184,15,125549.74677253955
76,16410.81435996419,14,157985.65191127127
68,37898.738480161934,12,153347.24391108696
39,65238.37972871333,17,163379.03548899412
45,54253.11524766038,13,152447.35338512747
19,67356.98073326364,11,139948.6616946755
59,31269.719650065268,19,182938.79715954233
62,32489.499463762666,16,167895.29767233814
79,54092.204190498254,11,175959.30920635728
74,37947.04389389369,8,144469.9645791752
70,76036.9833632019,14,203565.18226643756
23,37451.62231245046,14,117057.23377341614
45,40092.21514137506,11,137645.3805864444
45,58376.788277369735,10,145278.337199102
61,42214.236165450144,15,173362.31756089977
61,25301.11212925173,12,143433.26839745004
37,28012.883503358225,17,144508.39009115656
47,60755.31916813911,14,168968.56151434538
79,22825.769708758795,11,155219.68643571396
28,77943.28855097623,11,143584.42728607586
75,36192.014313965,15,176085.6025866875
72,62324.31633936122,15,197368.7345477989
45,37391.74751940732,9,127658.4987730018
42,31695.172400072697,9,106160.60254178866
56,54922.07364580364,10,142600.0325878807
79,71035.66934031801,19,231652.339678437
50,45052.64498279791,19,181296.55449551842
18,48690.4529248508,10,107819.07066173268
74,66148.34722165602,8,168138.4437668673
44,66810.54500503113,10,146332.42473085088
79,49230.16559960518,13,190833.44967269455
74,41130.40215029422,15,173899.8018278528
69,51653.11918890064,19,201180.0102272193
30,46181.77017223314,17,151429.1423370413
58,56259.483036337035,13,159791.6423732988
20,26114.591463084947,12,100012.4011483076
56,55543.63158717493,11,163742.25609838002
23,35633.93167658502,10,101611.57778274782
25,68117.75222981005,11,135647.70631244147
44,36550.64301258969,14,136939.69058420885
26,36897.80465618136,8,92436.4366847477
79,58907.97648823481,14,194250.39928896818
54,50284.23777632394,8,132638.81473727798
50,95533.03252797676,9,177834.64499740026
68,17413.947788914953,11,139719.61353475758
59,52197.05893909489,8,135200.35736659076
61,72592.98969944741,18,210306.91565171795
41,38433.72154145398,19,169238.08597564712
32,31788.8431052024,18,153131.81967676824
76,32582.70704707343,18,199968.8690705006
71,17760.77640699831,16,160133.1501664593
49,76994.0925462139,19,201540.98648091944
49,43407.65316387184,13,142438.2332365244
41,41039.45720399539,8,112661.46646766142
58,7518.038513396525,8,106346.2226829489
69,21325.828550762304,13,155997.33542355534
66,79307.79511038188,11,184066.4809700929
79,56062.11332201157,11,177250.45304133504
66,73330.01659850212,18,215422.80324004538
75,70799.8487965966,13,192464.16452912716
69,29987.59438854119,19,198437.76911930682
29,98596.95457307938,18,189839.25852287322
79,88994.6519120246,14,221119.4244240983
56,38724.6711575393,16,177097.76802217963
19,-21364.105987197647,17,86942.71443304187
20,42869.35820111847,12,113345.29138588732
66,54765.92524242897,16,188025.51307989104
54,38645.61930448619,11,139014.5370347769
66,45569.55806630566,17,194319.88882642717
73,33426.83927324411,9,133682.16186194777
34,68432.69436707695,10,146413.32400014318
76,51272.664807371104,18,199898.34608364617
66,69030.28125885908,8,159890.9633609152
19,74444.06692415875,13,141409.0314378337
19,6513.528718267058,13,92153.58932346725
45,34589.55578331794,8,104681.02286723562
71,37519.41412718913,18,193326.394632161
40,101427.44719377566,10,181263.50587145478
54,52980.107338006484,12,149568.21584744114
49,66251.21192726129,10,152949.500379861
50,12386.164614509777,17,141599.02080262476
18,52864.30904995043,10,112420.88327092552
36,69565.85964232514,17,176748.4266009389
79,67239.30170120312,10,179584.00681574096
19,62467.98877832703,12,131413.752447017
70,50260.01012990251,12,179229.74865285572
61,51231.37241250902,11,156030.5789713707
43,16134.676505804207,8,99506.53091538427
49,31989.342296257128,12,128125.10904764988
23,54618.87912776327,17,146912.9214181206
49,35680.48386147589,12,139906.41847858258
72,63776.764940655696,11,185441.9920952044
21,59335.651005297244,13,135246.5875481661
72,77347.40509443988,17,217312.63392293613
28,69165.07652305142,11,138328.5182455579
73,54545.22818269136,14,180384.1438763045
76,64959.608681238315,14,200990.2635767675
34,70102.04324599312,9,139493.29990841154
55,39851.25428184035,10,134620.5517613069
41,43413.38003360396,8,113380.49328808566
22,48063.47925213179,15,136780.17454996568
69,40489.38911671301,16,179207.91261316743
51,70313.73890126968,11,161920.32804788664
23,37453.78916645392,13,128461.6402789957
39,75033.02942799649,16,177791.2950386672
28,42660.53602239235,13,125336.72805780778
65,59447.93285678716,19,204320.63725725393
33,53328.302975257764,19,174383.6022377059
50,30480.403834166664,19,168478.2022012428
26,49602.20541018419,16,142434.89913654022
77,56672.870629011944,11,183944.81666457464
76,48714.14625779004,15,197069.3320288002
23,23145.868829874318,16,118514.57723520593
33,84028.58487052342,11,145890.16813961565
46,51753.98965723472,12,152440.76017497238
20,34113.948496729565,15,118868.00966858363
37,82415.36046934548,19,201885.41637129022
77,62347.7961944065,17,202027.71786696604
76,25996.600071967816,13,166260.2667490708
53,29110.10507200243,19,165232.22441119803
36,45552.10560224315,14,146095.50507712716
43,55946.13957699645,10,137828.27700077934
20,62455.99662927844,14,135195.10020643953
36,69003.56959057135,19,184167.67410782317
37,60791.448128002856,15,164064.7507871858
49,76934.91957281991,17,196077.4079238321
24,52535.863193609395,13,133950.75545724994
69,34807.212390435554,17,191727.97283492587
58,49932.98260682053,16,170125.17802690115
50,48620.38679308416,13,161982.37230931048
57,-1564.3085932498361,19,151270.3328130162
56,38772.66281808683,16,162524.21001285381
35,56284.07465900901,11,128375.69159851226
57,41515.68869576428,15,164266.94900272627
18,37075.812763540016,18,142268.90077045432
28,68227.52391609128,11,136944.27353098535
45,31669.08350449121,9,122891.04145482971
74,64232.45300941646,17,203130.08395727538
42,23345.110584234306,18,150615.64372815719
67,105215.23871452367,16,224910.22374955332
40,45686.289461974855,12,138367.19098270472
48,43534.694214078874,11,142262.1923217496
47,72861.31805779837,9,148185.24547783344
59,41625.90318387102,8,119279.65326396114
52,79098.55616651333,18,206273.58566719314
24,57431.87660973053,14,142129.19404645197
77,47632.04198907541,13,182127.1073660688
33,45499.88193259249,9,120578.81650518478
43,74151.84340860523,15,171966.20632863895
65,54609.74429207006,18,202088.8759609083
74,58646.1746238154,11,181879.4772614422
69,60820.037452072575,15,183763.09204162547
77,52658.72370445382,14,190725.23809315794
66,60397.444526999665,12,171797.0564665614
19,47633.53154638019,17,141699.2118715959
18,49003.82736346848,17,143941.44430846645
65,27617.70143946583,19,179658.0183310049
79,55955.205018367946,15,195385.6236188863
29,15609.179865755592,16,121658.1059800446
22,55671.16141221826,12,121100.6994354606
54,44387.67967670371,17,169081.01809693704
49,57491.70218901956,12,158390.22816599815
76,29023.433318366482,9,138474.7764788999
72,7612.85263922716,12,141421.84461592778
26,42982.69386052921,10,112699.11155269312
58,29081.746622858034,14,142636.36365433346
52,14388.86633579035,17,145123.26980695402
36,65359.6653938914,12,154258.27933035
65,82024.76454284081,15,200713.98397857425
33,34060.971284508996,8,97926.75571606026
20,48484.58345557093,10,111097.97123071623
37,43844.287666403754,10,125992.382679536
41,36822.03156047594,16,149199.9308181583
71,63274.744277760416,12,178632.2444487501
73,70202.82920857237,19,231274.11267535042
50,32627.856214687916,16,164796.78329073824
41,50895.33734189807,16,166610.56012742745
69,75690.66067867789,8,169979.11925576744
28,63780.724064299444,9,119983.25064323493
66,66753.94876800977,12,175250.93698162498
25,77359.70614884829,11,144500.3354454074
53,77096.903447465,17,201769.51386241542
55,70572.85260606132,16,198466.2750495812
57,52898.74829562361,14,172571.2490991796
37,42350.33965083816,13,128364.87021187146
79,52069.555306263705,14,195915.38233362557
52,39311.86627953263,8,118459.18988705403
65,10950.262539786352,8,111840.35367206731
79,44410.018683999195,15,190779.0159784578
42,57150.524876744406,9,142698.75735031537
52,38254.61164467642,19,193153.28209576794
42,46144.40425522784,17,166949.1386998632
46,46919.265680665354,18,172619.42945093033
35,77137.13548437777,16,179382.23662990495
63,42811.254519501956,14,171687.28074497075
35,77132.66764366909,13,160102.79598714932
19,-4249.809836959474,8,64576.208909994035
71,76957.11562658072,8,173716.0462972216
52,75948.12229725248,9,160247.21328325896
33,68045.09346778384,13,155765.6960344994
78,9761.63993592457,13,152917.24500181194
58,70377.73990444961,9,163496.89442590775
53,48997.61648649499,8,129111.82725646137
50,-586.7487984932013,17,131739.09219147527
21,75963.55415669392,12,136270.07216049667
50,78883.46157097936,12,175304.2754098846
31,11909.758562696574,9,89422.48936771783
38,53508.42150600226,13,148095.60153556123
65,77771.82242888365,16,215589.9201098446
37,74603.22626914294,9,141654.60092116913
73,66721.22102319048,17,214720.68509651494
25,-2945.0575979501737,9,62185.449540943286
24,64590.85533271628,10,123737.18575380101
20,45637.92203252114,14,129988.0264138458
34,69917.15057436988,13,159179.23101321163
50,55123.229168676495,19,187628.74859662028
65,49602.3677942227,15,179323.8979760878
29,62818.07698818472,15,146665.09285714373
76,46561.73257856484,13,176464.24005881883
68,49514.45440216116,19,207063.47933932787
39,38895.520017424766,18,162992.44109447266
72,17891.820176308753,17,173816.78474795306
39,61357.06947542543,10,138334.52401624515
63,33879.3936065886,10,140138.83067841176
47,45984.16267918532,8,120485.72444598102
55,55739.479169078666,14,173085.7254362756
55,8295.64712869122,12,123741.38242489992
62,12773.02192646353,11,129678.51178113482
68,44005.22846781594,17,185574.00856091484
71,59091.26964599312,11,162506.30111743827
25,64880.76541298322,11,137390.37588915508
44,18173.71008248186,13,121144.78078594345
44,62732.629688256304,15,164872.22493038944
51,45098.60763367327,15,165546.2806665086
38,32336.855098070457,12,121909.42087886072
47,37028.962878812585,13,146922.85222328317
50,66037.14664080333,11,160914.74706052616
45,55480.11570171143,19,187801.93917737153
64,51006.13045510641,18,187975.12580808243
50,54869.914776157995,16,179955.6517478584
22,68561.95553232387,15,153155.8170820284
77,48058.00865193354,17,198600.02122531584
78,51086.37772908473,19,214586.04451997904
65,72763.4148027561,17,199329.55567771327
36,43368.26751473683,8,112737.87806919283
21,62362.81190561363,9,110743.39198358054
52,39925.91038653717,16,157177.37688001207
66,41682.65317176431,15,166734.326606322
34,47919.004864007264,10,127898.64576615543
61,60305.45705973531,15,181098.0486793243
45,73883.63925102138,19,206775.5499503996
47,51930.9052707755,8,125865.71690135892
46,20003.261773529113,17,138465.81963085858
63,62628.92587067875,11,162520.51849679972
70,99076.84348291418,10,205440.53288636604
23,52173.37662134701,13,128959.21040739428
52,15824.647216408412,14,131918.28129067374
77,53393.05778941703,11,175514.53736079758
58,49939.74793632321,14,170460.7120298963
54,48257.82313275221,16,178193.25258571407
41,68908.19799954265,18,193369.05454909874
46,77565.49572671448,9,151253.55335242616
66,63671.71490402166,18,200307.13349280713
63,47338.83830657863,10,148803.7448396465
70,72513.57568739259,12,189312.2630828285
48,20123.407175715187,10,109279.9311095191
52,35678.87758532011,18,165757.34749378086
77,37907.444427965405,15,184044.89495012173
50,49380.98704136131,19,184261.5278752368
69,60134.69324973675,17,202271.73957684732
78,45985.74103325432,15,185996.1161531031
38,31879.284109954504,15,137351.42371693475
49,69497.0056939226,19,194976.43883379656
40,45290.86555590612,19,175683.68450034884
50,52042.57841742067,16,176810.3094075553
20,61021.35490951816,11,114586.14461642406
35,50777.55215845894,12,130974.4874258051
42,50865.433894885806,12,135209.70084045824
59,70609.4684087166,15,187237.4550549388
48,53027.38949140753,14,160004.72174417423
71,67255.93971580979,16,197556.5256741552
75,60893.34888636779,15,194105.38004346765
20,90337.75088373832,9,132250.41384658316
57,58188.26835738261,17,189586.95133290082
63,62759.46540301546,19,208554.29400759362
41,72033.13427992736,11,150017.81965725563
67,51272.355199003396,13,173901.9885198997
49,37242.93806541118,19,171060.9500293926
64,40517.08837753086,9,140055.3951503944
39,40709.86148995024,14,149935.14964345287
40,30993.380636065634,10,121497.00976780424
19,56356.10338403768,10,107586.97652259214
44,37409.66903901832,18,168076.39732061053
59,53897.05642403694,9,151174.6279116875
19,46826.51112578728,18,140719.89245686674
43,49167.5701341497,15,161427.9443260941
34,61121.132956577116,13,155586.56595732446
57,39162.017512229046,8,122716.88997856117
50,62777.820918735466,19,190634.74262991705
26,81346.15733277904,8,136165.23320044074
60,56862.181659035174,14,176847.2218813564
71,34358.08629455062,15,176243.85041183812
65,37699.63977320408,12,156862.65790056574
56,45034.74198429769,19,188981.27319207886
46,38102.194058608686,18,159849.39460533153
59,30176.393807799006,12,148377.70357934647
72,53088.14553923384,11,175318.46639352595
43,45576.05336548402,13,143313.8889720471
52,53794.417671161165,13,159818.14938785962
67,73727.74824430575,10,168326.661082666
42,45272.943321512816,16,160789.62843729943
41,26291.599906393778,19,159893.56713368575
30,42022.150154928975,18,153306.7650389466
77,65408.504342332846,14,204948.5702732188
75,63535.4054143391,8,164157.9381765716
24,60372.79295227134,14,145121.26399128506
74,37505.865536757934,12,158906.37073594576
53,65038.052360653965,12,164912.681134152
62,69537.98156074132,9,161758.61395907888
37,36091.56740220048,11,121999.7935319651
18,49168.59804914951,19,150487.2437951528
25,90408.03927364224,13,161669.06844055545
63,35202.51447073225,17,180292.24743379332
33,15898.266615125503,18,133534.79210590932
31,77658.08868929598,14,155093.5854477434
29,72732.0954340912,18,185933.59586830006
68,40860.6535284515,12,167595.79321621364
40,47740.16436263827,16,151730.81801458253
32,25501.298996220954,10,105849.57822320274
45,51779.04545219404,8,123908.36250899851
51,73318.27430742802,11,165972.0555225977
19,39147.90316483444,16,131789.44317693502
49,67542.03957572585,11,156861.59265899908
40,59274.47714780864,9,128500.75339031493
39,61556.33781762279,17,169792.36499251696
68,40313.81638827264,12,155670.0935332119
42,42907.51634133011,10,122166.90203191187
75,13064.551310571966,19,180115.74959821082
79,38666.611749797885,16,186354.48945428454
78,73269.70916062518,11,195026.02765706324
39,31413.35611795453,13,136566.91567104327
75,34393.9669228619,9,144614.90733143932
75,62803.79647414248,13,191440.05968199085
39,58055.36583986187,10,137942.71822340417
66,63797.26499592601,19,214397.8233513372
69,26735.589198191923,19,185768.247698134
59,101281.15898600692,16,223738.33928060415
23,25684.932516654993,18,135959.19077672728
32,53084.94627468136,9,113279.64490810859
71,46826.89008262827,19,207807.29238804898
60,26267.16965269905,19,180450.18990849296
77,42595.811543735006,16,187260.2187140951
54,50466.152017717395,12,154562.61079141192
50,37000.5357627306,15,158017.0735742398
25,68744.47243069699,9,123949.00884666078
70,46767.485090750575,13,177778.8783114305
77,23174.506579634268,10,157358.96773680422
61,21477.48934661406,19,169252.06131411632
61,62123.301812229125,19,198793.41843401443
22,20264.584345993277,17,124730.760454819
56,56328.521460981676,12,164670.62969441607
21,58893.10371333918,19,161960.1511014475
23,30092.89272151966,15,129340.6174938209
62,67814.76167549781,17,194558.780341782
49,15644.127524767355,8,104979.89513497194
69,55929.17867997117,12,170714.03884018245
47,49182.84132807983,10,144943.16259350034
64,47620.040485382124,11,167058.60915414628
52,26442.067140388546,9,114320.3707733941
72,31259.559912001485,16,174259.8622500583
57,82376.04050041195,10,177198.7718352286
69,74303.10017743507,9,171506.82689300049
33,64841.69177047597,17,169646.29732671956
30,68796.96207059376,18,175164.51175918707
67,66920.27089342538,16,190937.85093375202
77,43532.875754275825,14,181757.11187294946
59,50952.07103628702,13,161313.01795870875
47,20549.832439179823,8,100974.251839345
36,48206.08746384948,12,141783.02998842366
34,73668.28499078374,19,181652.0935212307
73,36785.85503485729,18,196494.70996162572
36,70462.82409374452,18,180975.44462333657
45,51831.71477387526,10,135066.57097662106
75,22292.562686605354,8,136785.90962954285
72,27853.60973307377,11,150983.14425930346
43,68386.0573941551,9,145561.91090142174
54,61050.481705167695,9,152681.30866679846
43,52035.28145975251,10,132971.6832518854
70,44519.36371504109,15,177554.30729949413
79,54211.35955257171,15,191943.33500926837
40,67605.92498506498,19,184957.6873381572
26,79517.0656097457,14,174359.1246143402
29,80473.68398881209,13,164602.3450947336
70,57439.19801516996,16,189195.98658109587
18,46561.36619270959,11,103636.80317044983
75,52924.960156377114,19,214749.29843369417
75,60442.40714510159,8,166090.2497029711
18,60361.33887690183,15,144033.49027810828
64,76159.7327428021,14,193653.0072264732
51,92315.1144383331,14,194224.820250652
49,45894.907407718274,10,137355.3235469714
79,93117.69817648924,11,208923.62357265805
71,73444.78493516787,17,203659.32608439663
65,47983.54019629584,16,182237.8340041607
42,79971.2967773016,13,166720.00525053972
57,83712.96602838329,12,184846.42991724922
62,40794.09111612306,10,159561.5679059155
70,84644.30504971296,16,219552.8523671419
18,71501.65642071927,12,133633.6767057134
33,97371.18255958383,12,175505.95355755332
78,41519.22836001002,11,168628.82212405407
56,42931.46512528008,11,147445.64455248328
22,9466.757405133198,19,127607.65889018492
39,61423.87841135924,8,138421.8205532351
46,57505.025112374366,14,156349.5779132699
72,38740.126569286665,16,185360.2616394866
20,48362.98537023884,10,104058.48264628339
29,23775.579796497695,19,145798.0270689094
43,73968.89905663372,9,142581.6866878765
33,40206.0105094338,10,113077.97433952162
68,111880.98031241902,8,196029.3346787457
54,46487.97398577935,13,161069.46278534702
39,34807.623179033806,18,161438.3707629391
74,41753.73762530276,18,191174.40321801027
46,21760.780469114972,14,133683.29493029122
31,59645.437814058845,18,165168.45097750123
45,41602.006004417555,18,161989.08025015736
22,72625.05580795475,9,124014.95939424195
64,44505.05009651165,15,173061.62613493024
66,77688.84223371293,13,205284.65621869796
47,65149.11498634082,11,156284.09111587613
63,50571.93553436688,12,156569.46092372233
79,81604.65174701643,15,216459.85137675842
69,69045.86922074419,10,179343.61185374236
22,108924.2565332645,10,169581.6190909612
29,41810.89510043591,18,144518.79951915896
33,51532.32210916921,11,119826.23576164016
43,81374.1802202186,8,157454.17005303377
43,19129.243763297753,16,140251.46589749272
65,76338.87126465124,15,196729.63335233915
38,58786.055153629415,15,162701.9895535157
56,32235.784891055042,17,153609.88921775966
53,22739.20682897757,13,136208.24299616786
50,36550.21053739432,14,150879.27429413088
79,4303.608553488557,13,152064.23754047998
47,40209.211126169925,16,154097.88913947323
54,62451.12666685163,10,154389.3371404981
40,40473.987180623444,10,117752.06661420081
75,77766.25402867617,10,188489.92200131252
27,83198.95205450576,17,174082.43003178952
71,75512.88965251549,10,179369.80752621128
22,54612.8182052873,16,140711.17759027868
53,3506.414550270616,19,154060.8128493348
51,35926.050159347884,11,139033.0957107616
69,47159.22946451226,14,175554.28072182272
48,32122.647009903783,16,153889.30758272315
27,47209.890490268575,18,147524.95531904715
75,82201.34937386759,19,234262.69625906015
36,17084.469409693636,14,119416.55244254618
75,86233.84112238053,16,237091.03835305432
49,67694.52843508274,19,192595.78761919538
18,55364.33616555391,10,119612.35512620531
73,35727.66888518473,11,161566.42897547683
22,32520.99309017149,15,124419.97649458787
62,17475.645708225205,13,149773.61898755582
21,84335.30960628774,12,150328.77504806453
33,80752.23120148083,11,154547.5809395243
41,21874.307428334356,15,133233.84267757976
33,38947.440101875975,8,110275.79649359392
72,58662.89538463817,16,204412.66247676496
19,44009.81723655584,8,91079.46735176361
66,11626.504859363646,15,143704.96791449707
45,36844.54478888623,11,128460.7326441307
49,89020.68596040038,16,196216.35594633207
44,38200.42819171112,18,164242.71968029212
37,46730.65326595586,12,140571.71328618538
41,27096.451519292386,10,110390.65293999996
29,61755.25970567496,16,158190.0908579821
67,52303.03598049167,18,199132.54245843535
52,35159.60516886043,16,164369.83854611477
77,23906.8920838515,11,139891.06699715817
50,78090.86748021751,18,199439.19251034752
50,17889.131867178396,11,120367.72395514009
78,60076.3139117911,19,227061.4459115672
68,6922.415105768538,15,146078.4198470838
60,64144.23366024765,9,146932.62339798876
54,69405.97774520122,16,192623.33942599167
29,71895.67423279826,13,148339.72744211045
20,46775.830628602635,16,131472.3312074303
18,81680.07211127391,15,155222.330740453
50,96155.83389992136,14,196002.04033165783
57,43567.53727908074,8,128830.30650057354
27,40979.899397401445,19,143756.08923242582
60,52983.545206898714,10,156872.16714995462
61,40446.39708211586,18,189731.4928720863
46,37522.596079797586,9,124275.6868205356
30,39265.229195169806,12,115723.75500401176
29,84315.1201601249,12,155444.63845836234
48,65437.639900708644,12,160317.50534441962
63,40381.077454838174,11,153298.8339116801
19,897.4994855542827,12,83059.70203203383
78,19110.71012787065,10,139617.69910840405
68,60068.58165203755,19,211464.84310369784
67,7568.88117222365,8,115341.50696085513
52,55859.870549039115,12,163967.00804996514
40,28688.72550269949,16,146473.5131012832
34,51836.11549161347,16,159414.17583016836
43,51277.126026682854,11,139440.8339609931
25,52411.798677814215,10,123981.7346682689
46,42111.56305842959,8,121738.06442654117
43,41454.28748784536,9,116857.99043940843
27,35584.191621271224,15,137484.20314764293
43,59677.8463448378,8,134231.7934385654
79,66103.85349561897,15,204667.86269085275
51,25620.549549277475,14,139098.97480242577
68,48967.43055415461,15,183656.82216902752
58,53931.64146975476,19,198461.23715214172
24,53675.422692460845,13,132926.7994821247
21,53335.392391930356,19,160224.8572807587
75,41959.30379309551,16,197067.22990735833
70,55580.608509250786,10,169822.20256857504
67,62360.5742196724,17,202841.63733206305
62,52820.73311645129,11,163963.13939699845
28,60118.79673067448,13,135932.41786690187
46,69807.06822075014,15,178835.28982633416
73,12981.192842094642,12,152431.48602234127
53,68869.27683730735,10,157005.191992884
42,56848.55530442549,13,148240.67460044497
38,27767.493445225467,11,111953.55031321506
78,66049.41764639378,16,205391.36893040308
74,42033.58187952077,10,153703.0559629781
53,44760.67127362894,11,141955.996525953
27,39846.40435068676,14,121849.28838465619
54,56047.97688476449,14,168916.47317755962
26,34292.93714975894,19,152945.73558874038
41,68029.49259895572,19,185884.81317843
52,47222.74825610657,11,152374.6182230941
66,42715.95033024125,13,167726.72070683097
52,65057.5135522794,19,204198.9137699438
65,43608.864753618385,10,146597.91903363404
53,68963.53650724603,13,177443.4553411299
35,69591.85901681731,19,180213.81771147728
66,23303.92323562046,9,134094.37609267893
56,72185.20404445849,15,189607.35993453444
49,20759.280569962288,9,113373.68055589375
41,73431.61053765021,18,183867.3154019959
40,90567.14384460478,14,177978.3658643008
79,67496.68876538263,16,215983.49210357305
49,6860.387106006536,8,89746.56966368422
54,71271.31438772037,15,188333.0829706719
29,94922.57931872024,14,168102.37442267497
66,43939.367180039415,13,170392.36480736488
72,49305.9335994022,13,170282.13030567922
30,26230.26556147136,13,118745.7121375747
40,56241.58837639338,16,168121.4253693447
42,75383.54365086259,9,143822.9758285422
52,63954.74256298908,8,146073.9268858149
58,112839.33954575597,19,244573.68295327257
47,50660.540859315945,13,149834.22340648907
34,17386.532651694713,17,127866.45270097474
66,53419.41943136438,18,188922.4070867286
79,1670.9646957502046,15,157085.02199309866
37,39337.92150270972,10,110646.32334535751
65,82487.64117200424,19,226466.83393480993
42,56502.672972635424,17,170884.89729769708
39,53588.33625662538,8,125266.38288249128
30,86415.60753430713,16,177622.25852999638
76,44588.0021667326,8,150023.16280165064
36,75236.40825868218,10,149848.48012838722
66,52586.139503326805,15,184744.20174808204
53,57600.94926918052,10,150661.5392012583
29,25653.90288273974,11,106869.46025523443
78,40359.06410343567,15,177609.390666713
58,22049.63534312253,8,119423.65167443294
36,48095.0984354931,13,142538.42271846248
29,57808.04687832534,8,110163.02185977777
26,27799.23789817096,8,87018.98795016576
24,90983.57845369646,15,171590.326324819
45,55562.12038183922,18,178777.21238346273
31,51155.911711704386,11,128594.02920220619
48,65393.1550269125,19,202471.35793068592
69,33421.43838268156,8,141145.98434450937
36,53269.549583349064,17,157054.5436995222
75,35662.67559284817,14,176640.4904258088
64,81173.59820177965,12,195583.54515910076
33,28827.21301205837,12,117995.81301309272
70,51263.30918614347,8,156465.54947484462
22,56586.315703035514,17,162330.40479093223
52,57896.51488815403,18,193435.75964105816
29,38375.296538343355,13,125946.78020888333
42,32089.811957098045,16,152897.2919361022
69,38664.09653907802,16,180655.71639674687
76,60566.50868420565,15,199572.7221637893
38,47123.084581760726,12,133941.39648683992
53,65924.17616905044,8,153556.4077294009
70,59540.07438790146,16,193539.91618061118
40,4461.746038007848,8,91231.23545379685
33,54949.95593674422,15,154459.28536809725
74,95009.0953563254,12,203010.74541105062
56,76505.38102076662,10,169042.5512815704
62,58440.26321413937,18,188252.07803305337
70,28812.15739060112,14,166177.2659966361
59,59551.07432251292,14,181067.0168729553
75,64794.99879756518,16,203874.2192597919
56,44925.06638344832,14,162557.79158653656
31,56334.841176088754,18,175838.66010962243
48,80193.24916792082,10,159625.86581302696
75,32854.511605165484,18,185989.07134884936
22,28834.00790081746,8,92475.52333296697
52,63853.98651988425,15,187896.12516856138
40,59150.85272396161,19,182339.16053840853
46,70576.76590825623,10,157518.72790364677
60,61395.87623807539,19,210824.08056811473
28,38644.89873651612,15,130203.49782652098
35,58643.8530293081,15,154488.55324660713
64,27157.469134076528,12,151880.3478730349
29,44993.625765340126,19,168419.97200581463
26,60055.98461932808,8,116859.19199633424
27,42789.715665522206,17,141832.7007649075
75,99361.04364459653,14,234424.14047417443
61,12156.315023526666,19,163070.1975297615
34,39050.19286002379,17,148564.46538216175
78,31244.403322601793,12,164707.21183052953
55,35993.02385084093,15,166565.2211842466
24,37140.03553038243,16,137981.9083070671
63,23471.586262820136,18,173851.59651206565
30,65054.042971452545,14,154359.67702775256
57,39058.09405225798,14,158464.04858502373
59,53271.46671177309,8,144407.870942011
26,41303.4847617951,11,101394.98742096458
67,36182.391754275806,9,139462.87610807165
44,83445.58472173699,9,156963.0774519735
75,68458.64364418815,9,169011.84449725298
19,12635.992000897102,11,86040.41018977547
22,10517.251033282264,8,69391.44472169521
46,70852.17671272974,11,166459.11986176125
54,39602.93216902492,9,138547.4443612942
55,17018.353321315546,12,126285.65481146163
36,70914.70265080682,10,141977.573562812
25,53382.4810019818,19,162336.2469735435
65,55031.421696646394,15,181766.839976519
62,66190.78544011815,11,170927.75327223516
18,23800.456834352128,8,73248.95512304375
39,17369.98357231671,8,87242.91018316573
69,81619.08589806405,19,232408.82483795256
34,21256.664785154153,17,139152.97974923236
24,25555.24405848872,10,90422.61644849101
42,29551.29240908468,16,150117.81108108073
62,91598.91847381045,14,202121.24613322172
21,59867.66600823045,9,115159.95899677426
53,69308.1594887076,16,192548.24765402835
23,53923.35091157457,17,150970.6179057411
77,37962.255775975325,9,154643.50918148592
48,62625.82566520336,10,145518.51231272484
36,18867.68058406393,18,140111.81155011067
78,28094.330958070102,17,184446.16761205439
61,64659.50358522962,9,153994.7111354825
71,22854.895383464398,10,138400.0454911926
56,46218.370616762535,13,150231.6049990913
44,47129.75311289177,16,159248.0337546029
27,39426.75993325676,16,137117.03047975706
43,10977.630503022861,14,120501.20563994139
36,37421.42217622615,19,159729.65051162703
56,33500.632461350295,10,132491.6849697796
79,53228.79726575397,11,178980.24540303348
20,52209.810773989375,13,131140.43398985412
62,57559.229198737485,18,194798.55722474866
30,36480.27454051205,12,113168.21535546392
67,60455.55900931783,9,155154.22514623875
45,18879.865344526337,13,122667.87766964643
79,13561.905346952917,10,138089.9176884798
75,3288.5455166674437,15,148780.85608234667
37,40014.05520856005,9,107530.66084559857
45,34934.03551322885,8,110666.62427321213
25,65786.312237092,16,158536.18289024345
78,37026.7482590226,19,205596.5459363959
58,55467.52695888534,10,149586.9063015667
56,66265.93153166154,18,196947.75611461207
18,36273.61848701768,8,82385.40324537759
20,55961.04420214351,14,134611.63950984096
30,70038.5509791039,17,166788.69761232904
45,25236.744503888654,12,128055.03466931693
79,50497.04676489288,12,170468.30495224375
74,36359.31233601371,8,141289.30150654865
77,26510.20235013723,16,179713.69857606848
66,19270.96519019542,14,152335.94473376885
42,26187.02855642599,15,151414.79116504328
73,51200.58011504025,16,195709.46421487172
50,17783.110888765066,13,124206.21572680201
55,38985.45951822726,19,180711.04637913645
70,66263.88813705795,12,174129.8788423141
23,58980.219268378714,13,134781.17666821918
75,39389.84754123686,18,192346.59774798568
61,83793.80826717448,9,177611.99799154038
62,87860.72827823322,11,184540.8812496089
49,50522.44863079451,10,138834.1293256594
62,629.1416823138352,14,129325.52413882907
78,67728.9639403252,16,220877.42791152681
64,4120.473199328291,12,125690.16472887307
38,79522.92221440132,13,175781.12298891708
33,71671.69801484598,17,179408.1172224681
71,85484.25008276041,19,236797.73370288525
38,55205.311167354535,19,179007.91467047122
28,42772.28465636324,9,109186.81421617186
77,40997.97732619552,10,150160.0189642284
54,39074.79657938206,10,133865.42029275186
53,69621.37307349406,19,207922.88831471687
52,64245.42979011756,19,198151.8579147235
36,52404.51266868426,16,150897.66090092954
37,35556.373841460554,14,135183.0768202811
74,102584.25262600546,15,239587.92968208183
35,68247.49227925739,18,185832.4524010795
64,18045.76160453182,17,163126.5892367953
58,39674.87968125746,18,184497.1501302964
66,68635.52194817411,16,199075.882456699
31,34009.221575346324,13,114688.01932614346
32,57030.959176517776,11,128002.43740056646
48,69015.92600672296,19,206027.18464791935
18,-17768.561653127865,8,42415.18526835119
70,47839.24600421499,15,182054.4769064969
71,48624.18307130244,14,178400.15547566753
71,41758.55088632421,9,158927.52365692443
20,56033.90269892082,15,147956.916735947
33,63150.39214991749,19,189614.21488717466
40,52841.01888649218,12,141477.5890571935
74,42523.45211901136,14,179496.88413894456
28,62652.42599568539,11,125538.72804944437
29,50981.06818548714,12,137169.52667898108
27,45385.99173609044,15,132469.8956325327
49,23754.412293221616,8,109087.40765339043
33,18746.904294678432,8,82511.01079757852
25,23375.404145718592,11,95755.9891828814
55,55566.5812244043,10,145266.95282427492
29,48418.42504787297,17,149695.3637349193
41,20394.318035850734,19,149619.8409129357
45,62918.35651587622,9,137593.3412380756
70,77486.1902635819,19,231155.62176976705
25,38030.12766567328,10,99899.78816722603
75,15180.36285263252,18,178246.99741717536
45,35817.472301961745,18,169743.7736030972
53,67089.21253589388,18,194105.38820614814
43,60970.59717069548,8,128186.88328281837
25,31551.346279770423,8,89088.45389791508
75,80423.44275529483,13,210237.3802460394
77,76965.60131852797,12,199543.01920958917
67,35339.87873446718,15,167615.83151453576
45,35134.199940700666,9,120526.74320850073
45,38143.44125241021,11,125003.29225274605
54,39853.34449222908,15,164289.473145998
58,69010.76015856888,19,210251.64466536394
53,58506.58120953188,13,163266.22261193107
44,67541.57538701175,8,133840.33131737326
71,63471.302863733996,11,172343.63767956992
34,84290.54136387464,8,144106.51977282928
26,28812.28912381719,9,100194.73381149906
50,57607.17060767832,12,152899.1977509987
70,6523.574875306047,15,152510.79341800226
37,23660.88851806283,15,120493.57572143993
30,48502.93228130306,18,155879.25717175647
45,58364.13225509072,10,141536.0111397181
65,47963.68515940861,18,188822.53104261775
46,38656.15162374644,11,127242.38942504917
30,42211.64245013925,17,145430.41617776698
63,77388.81952848208,18,216372.01926441753
52,42319.35644239719,13,149918.8400618859
78,84984.83244087055,18,224796.7097860716
23,65880.34147082266,18,155100.7724134828
35,59150.74692296461,17,164286.2716490858
68,26128.061793580087,10,141190.88236513184
22,68704.76322799255,9,108226.28636876788
64,40124.588445030015,13,158601.01987526586
42,26111.204839886002,18,150257.7245893217
19,60256.872261587545,12,134147.18670031228
27,22241.078788669205,17,127867.75397237104
73,34755.170757408356,12,162719.0815296313
47,49797.68177062177,17,172544.43111693475
67,94368.42848229455,12,191841.91038679963
76,36261.68488415025,17,193850.38399047888
62,40835.669613988495,19,190745.51821847225
22,64646.9010884329,12,136258.86406911927
72,25234.08623247908,10,161818.4575181649
73,58856.12762041831,14,179664.3373988417
50,74118.53615233176,13,182918.31217067095
71,43858.102305777975,11,159649.2442476206
18,70523.08562793731,9,120855.11302436491
35,55828.99846423612,19,174435.6375448827
49,35386.36072392439,16,155187.90691214928
64,46043.906282069875,8,137985.96038446212
66,42404.853200395155,18,191571.42623818116
