feature1,feature2,target
0.3577873603482833,-0.8289950109220723,-2.568624141466834
0.5607845263682344,-0.5601810401969696,-0.8586615793313264
1.083051243175277,0.7472936051232618,4.410605151579431
1.053802052034903,0.6103702654334648,3.9622051972525716
-1.377669367957091,-0.020901593964148132,-3.043076253546248
-0.9378250399151228,0.117327383308782,-1.2122429637301502
0.5150352672086598,1.277664895788425,4.329255007091297
0.5137859509122088,-0.5915713888358299,-0.818332007193719
0.5150476863060479,0.5470973811700379,2.7315353319781592
3.852731490654721,-0.20219265243389406,7.356104441037135
0.570890510693167,-0.2176812032272203,0.844544850749118
1.135565640180599,1.09877685198719,5.005140790403834
0.9540017634932023,0.8254163489880298,3.6171954885826834
0.651391251305798,0.8135096360006385,4.382149821562766
-0.3152692446403456,1.305478807154329,3.452054938172092
0.7589692204932674,0.02100384163275905,1.2067066976065353
-0.7728252145375718,0.6819529712949639,1.2757844725710097
-0.23681860674000887,-0.31026675659345604,-1.3466001661139566
-0.48536354782910346,0.3241663524884421,0.5914205538390326
0.08187413938632256,-0.13014305436768459,-0.19292164362535416
2.3146585666735087,0.09699596499271819,5.950678990766166
-1.867265192591748,0.5951570254369136,-1.071388887651153
0.6862601903745135,-0.8182206832334725,-1.2066237431909272
-1.6127158711896517,2.0923872756854602,3.5375155601542545
-0.47193186578943347,-1.006017381499702,-3.639227901285399
1.088950596967366,-1.2141886127877322,-0.78034886566229
0.06428001909546277,1.1581108735000678,3.1204309284010767
-1.0777447779293061,0.7916626939629359,0.5625242560294152
-0.7153037092599682,0.6241198170521551,0.9709642760613229
0.6795977489346758,0.6283455092642799,2.364862282450634
-0.7303666317171367,-0.012246772846914623,-2.0891028383079044
0.21645858958197486,-0.8972543714858315,-3.278462024173595
0.045571839903813784,0.07580455819372633,0.18385393716652768
-0.6516003476058171,-0.6771617115121117,-2.9759147018499883
2.1439440893253257,0.9751197334177512,7.964425904951919
0.6339190223180112,-0.14705738150213865,0.8637132903394941
-2.025142586657607,-0.8254971967925115,-5.712468990907103
0.18645431476942764,-0.32138584165299344,-1.2812996245275707
-0.661786464768388,0.41293145427562433,-0.9364697863874804
0.852433334796224,-0.5637245528039747,-0.014080838267785594
-0.7925207384327007,-0.8222203955664315,-3.8596699390950415
-0.11473644146689901,0.2436872114919123,0.48524137749489227
0.5049872789804571,0.24496657110872277,0.7111532212671443
0.8657551941701215,-0.5069431753711298,0.16612084247045947
-1.2002964070557762,-0.4710383056183228,-4.465942481218947
-0.3345012358409484,0.2320499373576363,0.3619836148060313
-0.4749453111609562,-1.4480843414973241,-5.1108445237654605
-0.6533292325737119,-1.4074637743765552,-5.998989681440766
1.7654542402810969,-0.718444221252436,1.1186423581365388
0.40498171096095553,-0.21344715171184725,-0.35998479415810647
-1.2608839543350452,0.3109075655980046,-1.6203847605126627
0.9178619470547761,1.475356216949552,6.739363705208827
2.1221561970126332,0.8576596232020194,6.324428240463553
1.0324652605511468,-0.1599385299634271,1.8371381889709344
-1.5193699659540134,-0.01901620790268883,-3.360917364802314
-0.48423407286625136,-1.0025293646378088,-4.372492655777101
1.2669111491866227,-0.01851313599238993,2.424767710418797
-0.7076694656187807,-0.2886586389201383,-2.7989360092076634
0.44381942814622843,0.3227185603380895,1.5789698846331341
0.7746340534293368,-0.827230943552323,-1.5313636700927193
-0.926930471578083,0.5193465142411723,0.6865411660255455
-0.05952535606180008,1.5327389130025777,4.496797802869998
-3.2412673400690726,-0.1087601484568576,-7.158677879505011
-1.0243876413342898,0.40171172209894146,-0.7366501610046443
-0.2525681513931603,0.6901439917111125,1.5091316475016021
-1.2477831819648495,-0.40122047188583626,-3.8097125793538194
1.6324113039316352,0.22409248181041677,4.244183403316233
-1.4301413779606327,0.01259240078179486,-2.4437516985522283
-0.44004448669698376,0.09767609854883172,-0.8523112515527361
0.13074057728609134,-0.7730097838554665,-2.345457317316557
1.4412732890661155,0.024510174258942714,2.8185512523332372
-1.4358621511794394,0.49799829124544975,-2.5286900109903216
1.1631637521549596,1.4511436077950417,5.922162796595768
0.010233061019587049,0.9592708260852069,3.581715734017057
-0.9815086510479509,2.1531824575115563,5.319013927189409
0.46210347426327075,-0.7673475628880495,-1.5023537599157961
0.19905969557347003,0.8723206367206782,3.303359782836858
-0.6002168771587947,0.18334200573835174,-0.494782659830766
0.06980208499001891,2.1898029332176723,8.248453373860674
-0.3853135968617602,-0.8082982853551515,-2.6357345940716863
0.11351734525124804,-0.8397218421807761,-2.356089631780215
0.6621306745210467,-0.5993926454440222,-0.951686807590186
1.586016816145352,-2.123895724309807,-4.002876700767503
-1.237815498826849,-0.525755021680761,-3.95116424476237
2.1330333746562666,-0.759132661553698,1.6104933920092879
-1.9520877995225019,0.15039378647620763,-4.164121094415218
-0.15178509503558332,0.34175597577715944,0.3984112951390482
0.5883172064845765,1.8761708392158862,6.264372928809614
0.28099186773503265,0.9504238381860503,4.256826067564498
-0.6226995198205938,-0.5769036556624031,-2.5352901281536715
-0.20812225035727522,-0.898414671348358,-3.115474835417933
-0.4930009346588328,0.4919191715065057,1.2297277146468644
-0.5893647569442115,-1.3202332070206422,-5.100744981126541
0.8496020970210246,1.8314587658543537,6.762938390940978
0.35701548596504734,1.179440120721287,5.013913372728784
-0.6929095952606542,-0.4691756521047048,-2.523891124993093
0.8995998754332507,-1.7131345290908775,-3.858826913569359
0.30729952087660933,1.3538723741654128,4.581046825207654
0.8128621188389601,-0.11453984525261789,0.8442955752276878
0.6296288419236122,1.2378163119734618,4.281306754285442
